;Numéro;Titre;Changement de titre;Pages;correction
Art=017;Num=034;LES CYCLONES DE L'ATLANTIQUE EN SEPTEMBRE 1961;;25-33;3;1961;ATL1
Art=018;Supprimé;;;;
Art=019;Num=035;LES CYCLONES DANS LE PACIFIQUE SUD-OUEST (1947-1961);OUI;41-50;3;1960;PSO
Art=020;Num=036;CYCLONES DANS L'OCÉAN INDIEN SUD SAISON 1961-1962;OUI;40-49;4;1961;IS1
Art=021;Supprimé;;;;
Art=023;Num=037;LES CYCLONES TROPICAUX DE L'OCÉAN ATLANTIQUE EN 1961;OUI;30-31;3;1961;ATL2
Art=025;Num=037;LES CYCLONES DE L'OCÉAN INDIEN SAISON 1961-1962;OUI;36-41;3;1961;IS2
Art=027;Supprimé;;;;
Art=029;Supprimé;;;;
Art=030;Num=040;QUELQUES ASPECTS DES DÉPRESSIONS ET CYCLONES TROPICAUX DANS LE PACIFIQUE SUD-OUEST (1947-1962);OUI;47-70;4;1961;PSO
Art=031;Supprimé;;;;
Art=032;Num=041;LES CYCLONES TROPICAUX DE L'ATLANTIQUE NORD EN 1962;NON;30-33;4;1962;ATL
Art=033;Num=041;LA SAISON 1962-1963 DES CYCLONES DANS L'OCÉAN INDIEN;NON;34-42;4;1962;IN
Art=033;Num=041;LA SAISON 1962-1963 DES CYCLONES DANS L'OCÉAN INDIEN;NON;34-42;4;1962;IS
Art=034;Supprimé;;;;
Art=035;Supprimé;;;;
Art=036;Num=042;LES CYCLONES TROPICAUX DU PACIFIQUE NORD-OUEST EN 1962;NON;25-36;3;1962;PNO
Art=037;Num=042;APERÇU SUR LES CYCLONES TROPICAUX DE L'ATLANTIQUE NORD EN SEPTEMBRE-OCTOBRE 1963;NON;37-46;3;1963;ATL1
Art=038;Supprimé;;;;
Art=039;Supprimé;;;;
Art=040;Supprimé;;;;
Art=041;Num=044;LES CYCLONES TROPICAUX DU PACIFIQUE NORD-EST (1947-1963);NON;36-43;4;1963;PNE
Art=042;Num=045;LES CYCLONES TROPICAUX DE L'ATLANTIQUE NORD EN 1963;NON;35-43;4;1963;ATL2
Art=043;Supprimé;;;;
Art=044;Supprimé;;;;
Art=045;Supprimé;;;;
Art=046;Num=046;LES CYCLONES TROPICAUX DU PACIFIQUE NORD-OUEST EN 1963;NON;45-49;4;1963;PNO
Art=047;Supprimé;;;;
Art=048;Supprimé;;;;
Art=049;Supprimé;;;;
Art=050;Num=048;LES CYCLONES TROPICAUX DE L'ATLANTIQUE NORD EN 1964;NON;44-57;3;1964;ATL
Art=051;Supprimé;;;;
Art=052;Supprimé;;;;
Art=053;Supprimé;;;;
Art=054;Num=050;LES CYCLONES TROPICAUX DU PACIFIQUE NORD-OUEST EN 1964;NON;35-43;4;1964;PNO
Art=055;Supprimé;;;;
Art=056;Supprimé;;;;
Art=057;Num=051;SAISON 1964-1965 DES PHÉNOMÈNES TROPICAUX DANS L'OCÉAN INDIEN SUD-EST;NON;50-58;3;1964;ISE
Art=058;Supprimé;;;;
Art=059;Supprimé;;;;
Art=060;Num=053;LES CYCLONES TROPICAUX DE L'ATLANTIQUE NORD EN 1965;NON;41-45;3;1965;ATL
Art=061;Num=053;LA SAISON 1965-1966 DES CYCLONES DANS L'OCÉAN INDIEN SUD;NON;46-53;3;1965;IS
Art=062;Num=054;LES CYCLONES TROPICAUX DU PACIFIQUE NORD-OUEST EN 1965;OUI;24-34;4;1965;PNO
Art=063;Supprimé;;;;
Art=064;Num=054;LES CYCLONES TROPICAUX DU PACIFIQUE NORD-EST EN 1965;OUI;35-39;4;1965;PNE
Art=065;Num=055;LES CYCLONES TROPICAUX DE L'ATLANTIQUE NORD EN 1966;NON;36-46;3;1966;ATL
Art=066;Num=057;SAISON 1966 DES PERTURBATIONS TROPICALES DANS LE PACIFIQUE NORD-OUEST;OUI;36-41;3;1966;PNO
Art=067;Supprimé;;;;
Art=068;Num=057;SAISON 1966 DES PERTURBATIONS TROPICALES DANS LE PACIFIQUE NORD-EST;OUI;41-44;3;1966;PNE
Art=069;Supprimé;;;;
Art=070;Supprimé;;;;
Art=071;Supprimé;;;;
Art=072;Num=058;SAISON 1966-1967 DES PERTURBATIONS TROPICALES DANS L'OCÉAN INDIEN DU SUD-OUEST;NON;39-42;4;1966;ISO
Art=073;Num=060;SAISON 1967 DES PERTURBATIONS TROPICALES DANS L'ATLANTIQUE NORD;OUI;25-30;4;1967;ATL
Art=074;Num=060;SAISON 1967 DES PERTURBATIONS TROPICALES DANS LE PACIFIQUE ORIENTAL DU NORD;OUI;30-33;4;1967;PNE
Art=075;Supprimé;;;;
Art=076;Supprimé;;;;
Art=077;Num=062;SAISON DES PERTURBATIONS TROPICALES DANS L'OCÉAN INDIEN DU SUD-OUEST EN 1967-1968;OUI;38-44;4;1967;ISO
Art=078;Num=062;SAISONS DES PERTURBATIONS TROPICALES DANS L'OCÉAN PACIFIQUE NORD-OUEST EN 1968;OUI;44-50;4;1967;PNO
Art=079;Num=063;SAISON 1968 DES PERTURBATIONS TROPICALES DANS L'ATLANTIQUE NORD;NON;48-50;4;1968;ATL
Art=080;Num=064;SAISON 1968 DES PHÉNOMÈNES TROPICAUX DANS LE PACIFIQUE NORD-EST;NON;45-48;4;1968;PNE
Art=081;Num=065;SAISON 1968 DES PERTURBATIONS TROPICALES DANS LE PACIFIQUE NORD-OUEST;NON;44-47;4;1968;PNO
Art=082;Num=066;SAISON 1968-1969 DES PERTURBATIONS TROPICALES DANS L'OCÉAN INDIEN DU SUD-OUEST;OUI;48-54;3;1968;ISO
Art=083;Num=067;SAISON 1969 DES PERTURBATIONS TROPICALES DANS L'ATLANTIQUE NORD;NON;36-50;4;1969;ATL
Art=084;Supprimé;;;;
Art=085;Supprimé;;;;
Art=086;Num=068;SAISON 1969 DES PHÉNOMÈNES TROPICAUX DANS LE PACIFIQUE NORD-EST;NON;54-55;3;1969;PNE
Art=087;Num=069;SAISON 1969 DES PERTURBATIONS TROPICALES DANS LE PACIFIQUE NORD-OUEST;NON;49-51;4;1969;PNO
Art=088;Num=070;UN CYCLONE EN POLYNÉSIE FRANÇAISE EN 1970;OUI;35-37;4;1970;PSE
Art=089;Supprimé;;;;
Art=090;Num=071;SAISON 1970 DES PERTURBATIONS TROPICALES DANS L'ATLANTIQUE NORD;NON;39-42;4;1970;ATL
Art=091;Supprimé;;;;
Art=092;Num=072;SAISON 1969-1970 DES PERTURBATIONS TROPICALES DANS L'OCÉAN INDIEN DU SUD-OUEST;NON;54-56;4;1969;ISO
Art=093;Num=073;SAISON 1970 DES PHENOMENES TROPICAUX DANS LE PACIFIQUE NORD-EST;NON;34-35;3;1970;PNE
Art=094;Supprimé;;;;
Art=095;Num=074;SAISON 1970 DES PERTURBATIONS TROPICALES DANS LE PACIFIQUE NORD-OUEST;NON;42-44;4;1970;PNO
Art=096;Supprimé;;;;
Art=097;Num=075;SAISON 1970-1971 DES PERTURBATIONS TROPICALES DANS L'OCÉAN INDIEN DU SUD-OUEST;NON;35-35;3;1970;ISO1
Art=098;Num=076;RÉFLEXIONS SUR LES PERTURBATIONS TROPICALES DANS L'ATLANTIQUE NORD EN 1971;OUI;40-43;4;1971;ATL
Art=099;Supprimé;;;;
Art=100;Num=077;SAISON 1971 DES PERTURBATIONS TROPICALES DANS LE PACIFIQUE NORD-EST;NON;39-43;3;1971;PNE
Art=101;Num=078;SAISON 1970-1971 DES PERTURBATIONS TROPICALES DANS L'OCÉAN INDIEN DU SUD-OUEST;NON;43-48;4;1970;ISO2
Art=102;Supprimé;;;;
Art=103;Num=079;SAISON 1971-1972 DES PERTURBATIONS TROPICALES DANS L'OCEAN INDIEN DU SUD-OUEST;NON;33-40;6;1971;ISO
Art=104;Num=080;SAISON 1972 DES PERTURBATIONS TROPICALES DANS L'ATLANTIQUE NORD;OUI;41-42;4;1972;ATL
Art=105;Supprimé;;;;
Art=106;Num=080;SAISON 1972 DES PERTURBATIONS TROPICALES DANS LE PACIFIQUE NORD-EST;NON;43-44;4;1972;PNE
Art=107;Supprimé;;;;
Art=108;Num=082;SAISON 1972 DES PERTURBATIONS TROPICALES DANS LE PACIFIQUE NORD-OUEST;NON;39-45;3;1972;PNO
Art=109;Supprimé;;;;
Art=110;Num=083;SAISON 1972-1973 DES PERTURBATIONS TROPICALES DANS L'OCÉAN INDIEN DU SUD-OUEST;NON;38-41;3;1972;ISO
Art=111;Supprimé;;;;
Art=112;Supprimé;;;;
Art=113;Num=084;SAISON 1973 DES PERTURBATIONS TROPICALES DANS L'ATLANTIQUE NORD;NON;37-41;3;1973;ATL
Art=114;Supprimé;;;;
Art=115;Num=085;SAISON 1973 DES PERTURBATIONS TROPICALES DANS LE PACIFIQUE NORD-EST;NON;45-49;3;1973;PNE
Art=116;Num=086;SAISON 1973 DES PERTURBATIONS TROPICALES DANS LE PACIFIQUE NORD-OUEST;NON;33-39;3;1973;PNO
Art=117;Supprimé;;;;
Art=118;Num=087;SAISON 1973-1974 DES PERTURBATIONS TROPICALES DANS L'OCEAN INDIEN DU SUD-OUEST;NON;46-49;2;1973;ISO
Art=119;Num=088;SAISON 1974 DES PERTURBATIONS TROPICALES DANS L'ATLANTIQUE NORD;NON;35-38;4;1974;ATL
Art=120;Supprimé;;;;
Art=121;Num=089;SAISON 1974 DES PERTURBATIONS TROPICALES DANS LE PACIFIQUE NORD-EST;NON;40-44;3;1974;PNE
Art=122;Supprimé;;;;
Art=123;Num=090;SAISON 1974 DES PERTURBATIONS TROPICALES DANS LE PACIFIQUE NORD-OUEST;OUI;43-49;3;1974;PNO
Art=124;Num=090;SAISON 1973-1974 DES PERTURBATIONS TROPICALES DANS LE PACIFIQUE SUD-OUEST;OUI;49-51;3;1973;PSO
Art=124;Num=091;SAISON 1974-1975 DES PERTURBATIONS TROPICALES DANS L'OCEAN INDIEN SUD;OUI;40-48;3;1974;IS
Art=124;Num=092;SAISON DES PERTURBATIONS TROPICALES 1975 DANS L'ATLANTIQUE NORD;OUI;39-42;3;1975;ATL
Art=124;Num=092;SAISON DES PERTURBATIONS TROPICALES 1974-1975 DANS LE PACIFIQUE SUD-OUEST;OUI;43-46;3;1974;PSO
Art=124;Num=093;SAISON 1975 DES PERTURBATIONS TROPICALES DANS LE PACIFIQUE NORD-EST;OUI;41-43;3;1975;PNE
Art=124;Num=094;SAISON 1975 DES PERTURBATIONS TROPICALES DANS LE PACIFIQUE NORD-OUEST;OUI;40-44;3;1975;PNO
Art=124;Num=095;SAISON 1975-1976 DES PERTURBATIONS TROPICALES DANS L'OCEAN INDIEN DU SUD-OUEST;OUI;44-46;3;1975;ISO
Art=124;Num=096;SAISON DES PERTURBATIONS TROPICALES 1976 DANS L'ATLANTIQUE NORD;OUI;40-44;3;1976;ATL
Art=124;Num=096;SAISON DES PERTURBATIONS TROPICALES 1975-1976 DANS LE PACIFIQUE SUD-OUEST;OUI;44-45;3;1975;PSO
Art=124;Num=097;SAISON 1976 DES PERTURBATIONS TROPICALES DANS LE PACIFIQUE NORD-EST;OUI;47-50;2;1976;PNE
Art=124;Num=098;SAISON 1976 DES PERTURBATIONS TROPICALES DANS LE PACIFIQUE NORD-OUEST;OUI;42-48;3;1976;PNO
Art=124;Num=099;SAISON 1976-1977 DES PERTURBATIONS TROPICALES DANS L'OCEAN INDIEN DU SUD-OUEST;OUI;42-46;3;1976;ISO
Art=125;Num=101;A PROPOS DE LA SAISON 1977 DES PERTURBATIONS TROPICALES DANS L'ATLANTIQUE NORD;NON;34-48;6;1977;ATL
Art=126;Supprimé;;;;
Art=127;Supprimé;;;;
Art=128;Supprimé;;;;
Art=129;Supprimé;;;;
Art=130;Num=102;A PROPOS DE LA SAISON 1977 DES PERTURBATIONS TROPICALES DANS LE PACIFIQUE NORD-OUEST;NON;38-45;3;1977;PNO
Art=131;Num=102;SAISON 1976-1977 DES PERTURBATIONS TROPICALES DANS LE PACIFIQUE SUD-OUEST;NON;46-49;3;1976;PSO
Art=132;Supprimé;;;;
Art=133;Num=103;SAISON 1977-1978 DES PERTURBATIONS TROPICALES DANS L'OCEAN INDIEN DU SUD-OUEST;NON;56-62;-1;1977;ISO
Art=134;Num=104;SAISON 1978 DES PERTURBATIONS TROPICALES DANS L'ATLANTIQUE NORD;NON;47-51;3;1978;ATL
Art=135;Num=105;SAISON 1978 DES PERTURBATIONS TROPICALES DANS LE PACIFIQUE NORD-EST;NON;42-48;4;1978;PNE
Art=136;Supprimé;;;;
Art=137;Num=106;SAISON 1978 DES PERTURBATIONS TROPICALES DANS LE PACIFIQUE NORD-OUEST;NON;37-40;3;1978;PNO
Art=138;Num=107;SAISON 1978-1979 DES PERTURBATIONS TROPICALES DANS L'OCEAN INDIEN DU SUD-OUEST;NON;45-49;2;1978;ISO
Art=139;Num=108;SAISON 1979 DES PERTURBATIONS TROPICALES DANS L'ATLANTIQUE NORD;NON;36-43;3;1979;ATL
Art=140;Supprimé;;;;
Art=141;Supprimé;;;;
Art=142;Num=109;SAISON 1979 DES PERTURBATIONS TROPICALES DANS LE PACIFIQUE NORD-EST;NON;47-49;4;1979;PNE
Art=143;Supprimé;;;;
Art=144;Num=110;A PROPOS DE LA SAISON 1979 DES PERTURBATIONS TROPICALES DANS LE PACIFIQUE NORD-OUEST;OUI;44-51;3;1979;PNO
Art=145;Num=111;SAISON 1979-1980 DES PERTURBATIONS TROPICALES DANS L'OCEAN INDIEN DU SUD-OUEST;NON;35-44;3;1979;ISO
Art=146;Supprimé;;;;
Art=147;Num=112;SAISON 1980 DES PERTURBATIONS TROPICALES DANS L'ATLANTIQUE NORD;OUI;31-41;2;1980;ATL
Art=148;Supprimé;;;;
Art=149;Supprimé;;;;
Art=150;Num=113;SAISON 1980 DES PERTURBATIONS TROPICALES DANS LE PACIFIQUE NORD-EST;NON;39-43;4;1980;PNE
Art=151;Supprimé;;;;
Art=152;Num=114;SAISON 1980 DES PERTURBATIONS TROPICALES DANS LE PACIFIQUE NORD-OUEST;NON;51-55;3;1980;PNO
Art=153;Num=116;SAISON 1981 DES PHENOMENES TROPICAUX DANS L'ATLANTIQUE NORD;OUI;53-55;2;1981;ATL
Art=154;Num=116;SAISON 1980-1981 DES CYCLONES TROPICAUX DANS l'OCEAN INDIEN DU SUD-OUEST;OUI;56-60;2;1980;ISO
Art=155;Supprimé;;;;
Art=156;Supprimé;;;;
Art=157;Supprimé;;;;
Art=158;Num=118;SAISON 1981 DES PERTURBATIONS TROPICALES DANS LE PACIFIQUE NORD-EST;NON;55-57;4;1981;PNE
Art=159;Num=119;LES TYPHONS EN 1981 DANS LE PACIFIQUE NORD-OUEST;OUI;40-42;2;1981;PNO
Art=160;Num=120;CYCLONES SUR LA POLYNESIE FRANÇAISE : HISTORIQUE ET SAISON 1982-1983;OUI;12-30;3;1982;PS1
Art=161;Num=121;CYCLONES SUR LA POLYNESIE FRANÇAISE ( 2 ) : SAISON 1982-1983;OUI;26-40;2;1982;PS2
Art=162;Supprimé;;;;
Art=163;Supprimé;;;;
Art=164;Num=121;SAISON 1981-1982 DES PERTURBATIONS TROPICALES DANS L'OCEAN INDIEN DU SUD-OUEST;NON;57-63;1;1981;ISO
Art=165;Supprimé;;;;
Art=166;Num=122;"LE CYCLONE ""REVA"", SES EFFETS SUR TAHITI, MARS 1983";OUI;35-39;1;1982;PS3
Art=167;Num=122;SAISON 1982 DES PERTURBATIONS TROPICALES, DANS LE PACIFIQUE NORD-EST;NON;40-45;1;1982;PNE
Art=168;Supprimé;;;;
Art=169;Num=123;SAISON 1982 DES TYPHONS DANS LE PACIFIQUE NORD-OUEST;NON;44-46;1;1982;PNO
Art=170;Num=123;SAISON 1982-1983 DES PERTURBATIONS TROPICALES DANS L'OCEAN INDIEN DU SUD-OUEST;NON;47-48;1;1982;ISO
Art=171;Supprimé;;;;
Art=172;Supprimé;;;;
Art=173;Num=125;SAISON 1983 DES CYCLONES TROPICAUX DANS LE PACIFIQUE NORD-EST;NON;40-42;2;1983;PNE
Art=174;Supprimé;;;;
Art=175;Num=126;SAISON 1983-1984 DES PERTURBATIONS TROPICALES DANS L'OCEAN INDIEN DU SUD-OUEST;NON;38-44;1;1983;ISO
Art=176;Supprimé;;;;
Art=177;Num=127;SAISON 1983 DES TYPHONS DANS LE PACIFIQUE NORD-OUEST;OUI;48-54;1;1983;PNO
Art=178;Supprimé;;;;
Art=179;Num=127;SAISON 1983 DES PERTURBATIONS TROPICALES DANS L'OCÉAN INDIEN NORD;OUI;55-55;1;1983;IN
Art=180;Supprimé;;;;
Art=181;Supprimé;;;;
Art=182;Num=128;SAISON 1984 DES PERTURBATIONS TROPICALES DANS L'ATLANTIQUE NORD;NON;50-53;-1;1984;ATL
Art=183;Num=129;SAISON 1984 DES CYCLONES TROPICAUX DANS LE PACIFIQUE NORD-EST;NON;40-42;1;1984;PNE
Art=184;Supprimé;;;;
Art=185;Num=130;SAISON 1984-1985 - DES PERTURBATIONS TROPICALES DANS L'OCEAN INDIEN DU SUD-OUEST;NON;32-34;1;1984;ISO
Art=186;Supprimé;;;;
Art=187;Num=131;SAISON 1984 DES TYPHONS DANS LE PACIFIQUE NORD-OUEST;OUI;35-38;0;1984;PNO
Art=188;Num=131;SAISON 1984 DES PERTURBATIONS TROPICALES DANS L'OCEAN INDIEN NORD;OUI;39-39;0;1984;IN
Art=189;Supprimé;;;;
Art=190;Supprimé;;;;
Art=191;Num=133;SAISON 1985 DES PERTURBATIONS TROPICALES DANS L'ATLANTIQUE NORD;NON;28-31;1;1985;ATL
Art=192;Supprimé;;;;
Art=193;Supprimé;;;;
Art=194;Num=134;SAISON 1985-1986 DES PERTURBATIONS TROPICALES DANS L'OCEAN INDIEN DU SUD-OUEST;NON;31-33;2;1985;ISO
Art=195;Num=135;SAISON 1985 DES TYPHONS DANS LE PACIFIQUE NORD-OUEST;NON;43-47;1;1985;PNO
Art=196;Num=136;SAISON 1986 DES PERTURBATIONS TROPICALES DANS L'ATLANTIQUE NORD;NON;43-44;1;1986;ATL
Art=197;Num=137;A TRAVERS CYCLONES ET TEMPETES TROPICALES DANS LE PACIFIQUE SUD-OUEST en 1985-1986;OUI;38-39;2;1985;PSO
Art=198;Supprimé;;;;
Art=199;Num=139;SAISON DES PERTURBATIONS TROPICALES 1986-1987 DANS l'OCEAN INDIEN DU SUD-OUEST;OUI;44-49;1;1986;ISO
Art=200;Num=139;SAISON DES PERTURBATIONS TROPICALES 1985-1986 DANS LE PACIFIQUE NORD-EST;OUI;49-51;1;1985;PNE
Art=201;Num=139;SAISON DES PERTURBATIONS TROPICALES 1985-1986 DANS LE PACIFIQUE CENTRAL NORD;OUI;52-52;1;1985;PNC
Art=202;Num=141;SAISON 1986 DES TYPHONS DANS LE PACIFIQUE NORD-OUEST;NON;44-49;1;1986;PNO
Art=203;Supprimé;;;;
Art=204;Num=142;SAISON 1987 DES PERTURBATIONS TROPICALES DANS l'ATLANTIQUE NORD;OUI;42-44;2;1987;ATL
Art=205;Num=142;SAISON 1987 DES PERTURBATIONS TROPICALES DANS LE PACIFIQUE NORD-EST;OUI;44-46;2;1987;PNE
Art=206;Num=142;SAISON 1987 DES PERTURBATIONS TROPICALES DANS LE PACIFIQUE CENTRAL NORD;OUI;47-48;2;1987;PNC
Art=207;Num=143;SAISON DES PERTURBATIONS TROPICALES 1987 DANS LE PACIFIQUE NORD-OUEST;OUI;36-41;2;1987;PNO
Art=208;Num=143;SAISON DES PERTURBATIONS TROPICALES 1987-1988 DANS L'OCEAN INDIEN SUD-OUEST;OUI;41-43;2;1987;ISO
Art=209;Num=143;SAISON DES PERTURBATIONS TROPICALES 1987 DANS L'OCEAN INDIEN NORD;OUI;44-45;2;1987;IN
Art=210;Supprimé;;;;
Art=211;Num=145;SAISON 1988 DES PERTURBATIONS TROPICALES DANS L'ATLANTIQUE NORD;OUI;34-40;2;1988;ATL
Art=212;Supprimé;;;;
Art=213;Num=146;SAISON DES PERTURBATIONS TROPICALES DANS LE PACIFIQUE NORD-EST, 1988;OUI;31-34;1;1988;PNE
Art=214;Supprimé;;;;
Art=215;Num=146;SAISON DES PERTURBATIONS TROPICALES DANS LE PACIFIQUE SUD-OUEST, 1986-1987;OUI;35-40;1;1986;PSO
Art=216;Supprimé;;;;
Art=217;Supprimé;;;;
Art=218;Supprimé;;;;
Art=219;Num=147;SAISON DES PERTURBATIONS TROPICALES DANS LE PACIFIQUE SUD-OUEST, 1987-1988;OUI;23-25;2;1987;PSO
Art=220;Supprimé;;;;
Art=221;Supprimé;;;;
Art=222;Num=148;SAISON DES PERTURBATIONS TROPICALES DANS L'OCEAN INDIEN DU SUD-OUEST, 1988-1989;OUI;22-27;2;1988;ISO
Art=223;Num=149;SAISON DES PERTURBATIONS TROPICALES DANS LE PACIFIQUE NORD-OUEST, 1988;OUI;28-32;3;1988;PNO
Art=224;Supprimé;;;;
Art=225;Num=150;SAISON DES PERTURBATIONS TROPICALES DANS L'OCEAN ATLANTIQUE NORD, 1989;OUI;20-24;2;1989;ATL
Art=226;Supprimé;;;;
Art=227;Num=150;SAISON DES PERTURBATIONS TROPICALES DANS LE PACIFIQUE SUD-OUEST, 1988-1989;OUI;25-28;2;1988;PSO
Art=228;Num=151;SAISON DES PERTURBATIONS TROPICALES DANS LE PACIFIQUE NORD-EST ET LE PACIFIQUE CENTRAL NORD, 1989;OUI;22-25;1;1989;PNEC
Art=229;Num=151;SAISON DES PERTURBATIONS TROPICALES DANS LE PACIFIQUE NORD-OUEST, 1989;OUI;26-30;1;1989;PNO
Art=229;Num=151;SAISON DES PERTURBATIONS TROPICALES DANS LE GOLFE DU BENGALE ET LA MER D'ARABIE, 1989;OUI;31-31;1;1989;IN
Art=230;Num=152;SAISON DES PERTURBATIONS TROPICALES DANS LE SUD-OUEST DE L'OCEAN INDIEN, 1989-1990;OUI;22-26;1;1989;ISO
Art=231;Supprimé;;;;
Art=232;Num=153;SAISON DES PERTURBATIONS TROPICALES DANS L'OCEAN ATLANTIQUE NORD, 1990;OUI;20-24;2;1990;ATL
Art=233;Supprimé;;;;
Art=234;Num=153;SAISON DES PERTURBATIONS TROPICALES DANS L'OCÉAN PACIFIQUE SUD-OUEST, 1989-1990;OUI;25-30;2;1989;PSO
Art=235;Num=154;SAISON DES PERTURBATIONS TROPICALES DANS LE SUD-OUEST DE L'OCEAN INDIEN, 1990-1991;OUI;23-28;2;1990;ISO
Art=236;Num=154;SAISON DES PERTURBATIONS TROPICALES DANS LE PACIFIQUE NORD-EST, 1990;OUI;40-46;2;1990;PNE
Art=237;Num=154;SAISON DES PERTURBATIONS TROPICALES DANS LE PACIFIQUE CENTRAL NORD, 1990;OUI;47-48;2;1990;PNC
Art=238;Num=155;SAISON DES PERTURBATIONS TROPICALES DANS LE PACIFIQUE SUD-OUEST 1990-1991;OUI;34-35;2;1990;PSO
Art=239;Supprimé;;;;
Art=240;Num=155;SAISON CYCLONIQUE DANS L'OCÉAN INDIEN NORD, GOLFE DU BENGALE ET MER D'ARABIE, 1991;NON;36-38;2;1991;IN
Art=241;Supprimé;;;;
Art=242;Num=156;SAISON DES PERTURBATIONS TROPICALES DANS L'OCEAN ATLANTIQUE NORD, 1991;OUI;19-22;2;1991;ATL
Art=243;Supprimé;;;;
Art=244;Num=156;SAISON DES PERTURBATIONS TROPICALES DANS L'OCÉAN PACIFIQUE NORD-OUEST, 1990;OUI;23-28;2;1990;PNO
Art=245;Supprimé;;;;
Art=246;Num=157;SAISON DES PERTURBATIONS TROPICALES DANS LE PACIFIQUE NORD-EST ET LE PACIFIQUE CENTRAL NORD, 1991;OUI;28-33;1;1991;PNEC
Art=247;Num=157;SAISON DES PERTURBATIONS TROPICALES DANS LE PACIFIQUE SUD-EST, 1991-1992;OUI;34-38;1;1991;PSE
Art=248;Supprimé;;;;
Art=249;Num=158;SAISON DES PERTURBATIONS TROPICALES DANS LE PACIFIQUE NORD-OUEST, 1991;OUI;40-46;2;1991;PNO
Art=250;Num=158;SAISON DES PERTURBATIONS TROPICALES DANS LE SUD-OUEST DE L'OCEAN INDIEN, 1991-1992;OUI;47-51;2;1991;ISO
Art=251;Num=159;SAISONS DES PERTURBATIONS TROPICALES DANS L'ATLANTIQUE NORD, 1992;OUI;19-22;2;1992;ATL
Art=252;Supprimé;;;;
Art=253;Num=159;SAISON DES PERTURBATIONS TROPICALES DANS LE PACIFIQUE SUD-OUEST, 1991-1992;OUI;23-26;2;1991;PSO
Art=254;Supprimé;;;;
Art=255;Supprimé;;;;
Art=256;Num=161;SAISON DES PERTURBATIONS TROPICALES 1992 - OCEAN INDIEN NORD;OUI;17-19;1;1992;IN
Art=257;Supprimé;;;;
Art=258;Supprimé;;;;
Art=259;Num=162;SAISON DES PERTURBATIONS TROPICALES 1992 - PACIFIQUE NORD-EST;OUI;30-35;1;1992;PNE
Art=260;Num=162;SAISON DES PERTURBATIONS TROPICALES 1992 - PACIFIQUE CENTRAL NORD;OUI;36-37;1;1992;PNC
Art=261;Num=162;SAISON DES PERTURBATIONS TROPICALES 1992 - PACIFIQUE NORD-OUEST;OUI;38-42;1;1992;PNO
Art=262;Supprimé;;;;
Art=263;Num=163;SAISON DES PERTURBATIONS TROPICALES SUD-OUEST DE L'OCEAN INDIEN 1992-1993;OUI;17-22;1;1992;ISO
Art=264;Supprimé;;;;
Art=265;Num=164;SAISON DES PERTURBATIONS TROPICALES 1993 - OCÉAN ATLANTIQUE NORD;OUI;20-22;1;1993;ATL
Art=266;Supprimé;;;;
Art=267;Supprimé;;;;
Art=268;Num=165;SAISON DES PERTURBATIONS TROPICALES PACIFIQUE SUD-OUEST, 1992-1993;OUI;16-22;0;1992;PSO
Art=269;Num=165;SAISON DES PERTURBATIONS TROPICALES PACIFIQUE SUD-EST, 1992-1993;OUI;23-23;0;1992;PSE
Art=270;Num=166;SAISON DES PERTURBATIONS TROPICALES 1993 - PACIFIQUE NORD-EST;OUI;35-38;3;1993;PNE
Art=271;Num=166;SAISON DES PERTURBATIONS TROPICALES 1993 - PACIFIQUE CENTRAL NORD;OUI;39-39;3;1993;PNC
Art=272;Num=166;SAISON DES PERTURBATIONS TROPICALES 1993 - PACIFIQUE NORD-OUEST;OUI;40-44;3;1993;PNO
Art=273;Num=167;SAISON DES PERTURBATIONS TROPICALES 1994 - ATLANTIQUE NORD;OUI;15-18;0;1994;ATL
Art=274;Num=167;SAISON DES PERTURBATIONS TROPICALES SUD-OUEST DE L'OCEAN INDIEN 1993-1994;OUI;19-29;0;1993;ISO
Art=275;Supprimé;;;;
Art=276;Supprimé;;;;
Art=277;Num=168;SAISON DES PERTURBATIONS TROPICALES SUD-EST DE L'OCEAN INDIEN 1993-1994;OUI;38-39;4;1993;ISE
Art=278;Num=168;SAISON DES PERTURBATIONS TROPICALES - OCÉAN INDIEN NORD, 1993 ET 1994;OUI;40-43;4;1993;IN
Art=278;Num=168;SAISON DES PERTURBATIONS TROPICALES - OCÉAN INDIEN NORD, 1993 ET 1994;OUI;40-43;4;1994;IN
Art=279;Num=169;SAISON DES PERTURBATIONS TROPICALES - PACIFIQUE SUD-OUEST, 1993-1994;OUI;21-25;-1;1993;PSO
Art=280;Supprimé;;;;
Art=281;Supprimé;;;;
Art=282;Num=170;SAISON DES PERTURBATIONS TROPICALES 1994 - PACIFIQUE NORD-EST;OUI;15-18;-1;1994;PNE
Art=283;Num=170;SAISON DES PERTURBATIONS TROPICALES 1994 - PACIFIQUE CENTRAL NORD;OUI;19-22;-1;1994;PNC
Art=284;Num=170;SAISON DES PERTURBATIONS TROPICALES 1994 - PACIFIQUE NORD-OUEST;OUI;23-27;-1;1994;PNO
Art=285;Num=171;SAISON DES PERTURBATIONS TROPICALES 1994-1995 - SUD-OUEST DE L'OCEAN INDIEN;OUI;19-25;-1;1994;ISO
Art=286;Num=171;SAISON DES PERTURBATIONS TROPICALES 1995 - ATLANTIQUE NORD;OUI;26-33;-1;1995;ATL
Art=287;Num=172;SAISON DES PERTURBATIONS TROPICALES PACIFIQUE SUD-OUEST 1994-1995;OUI;39-43;3;1994;PSO
Art=288;Num=172;SAISON DES PERTURBATIONS TROPICALES SUD-EST DE L'OCEAN INDIEN 1994-1995;OUI;44-45;3;1994;ISE
Art=289;Supprimé;;;;
Art=290;Supprimé;;;;
Art=291;Num=173;SAISON DES PERTURBATIONS TROPICALES 1995 - OCÉAN INDIEN NORD;OUI;10-11;0;1995;IN
Art=292;Num=173;SAISON DES PERTURBATIONS TROPICALES 1995 - PACIFIQUE NORD-EST;OUI;12-14;0;1995;PNE
Art=293;Num=173;SAISON DES PERTURBATIONS TROPICALES 1995 - PACIFIQUE NORD-OUEST;OUI;15-17;0;1995;PNO
Art=294;Num=174;SAISON DES PERTURBATIONS TROPICALES 1995-1996 PACIFIQUE SUD-OUEST;OUI;14-17;-1;1995;PSO
Art=295;Num=174;SAISON DES PERTURBATIONS TROPICALES 1995-1996 SUD-OUEST DE L'OCEAN INDIEN;OUI;18-23;-1;1995;ISO
Art=296;Num=175;SAISON DES PERTURBATIONS TROPICALES 1996 - ATLANTIQUE NORD;OUI;33-37;3;1996;ATL
Art=297;Supprimé;;;;
Art=298;Supprimé;;;;
Art=299;Num=176;SAISON DES PERTURBATIONS TROPICALES 1996 - PACIFIQUE NORD-EST;OUI;12-15;-1;1996;PNE
Art=300;Num=177;SAISON DES PERTURBATIONS TROPICALES 1996 - PACIFIQUE NORD-OUEST ET PACIFIQUE NORD CENTRAL, UN GRAND NOMBRE DE PERTURBATIONS;OUI;13-18;-1;1996;PNOC
Art=301;Num=177;SAISON DES PERTURBATIONS TROPICALES 1996 - OCÉAN INDIEN NORD, UNE SAISON ACTIVE;OUI;19-20;-1;1996;IN
Art=302;Num=178;SAISON DES PERTURBATIONS TROPICALES 1996-1997, PACIFIQUE SUD-OUEST, UNE SAISON PARTICULIÈREMENT LONGUE;OUI;24-29;-1;1996;PSO
Art=303;Supprimé;;;;
Art=304;Supprimé;;;;
Art=305;Num=179;SAISON DES PERTURBATIONS TROPICALES 1996-1997, SUD-OUEST DE L'OCÉAN INDIEN, UNE SAISON PRÉCOCE ET LONGUE;OUI;34-43;2;1996;ISO
Art=306;Num=180;SAISON DES PERTURBATIONS TROPICALES 1997 - ATLANTIQUE NORD, UNE ANNÉE PEU ACTIVE;OUI;22-24;-1;1997;ATL
Art=307;Num=181;SAISON DES PERTURBATIONS TROPICALES PACIFIQUE SUD-EST 1997-1998;OUI;19-22;-1;1997;PSE
Art=308;Num=183;SAISON DES PERTURBATIONS TROPICALES PACIFIQUE NORD-OUEST ET NORD CENTRAL 1997, ANNÉE DES SUPER-TYPHONS;OUI;32-37;-1;1997;PNOC
Art=308bis;Num=184;SAISON DES PERTURBATIONS TROPICALES ATLANTIQUE NORD 1998, UNE ANNEE RICHE EN OURAGANS;OUI;26-29;-1;1998;ATL
Art=308ter;Num=184;SAISON DES PERTURBATIONS TROPICALES OCEAN INDIEN NORD 1997, UNE SAISON PLUTOT CALME;OUI;30-31;-1;1997;IN
Art=309;Num=185;SAISON DES PERTURBATIONS TROPICALES SUD-EST DE L'OCÉAN INDIEN 1996-1997, UN RARE CYCLONE D'HIVER AUSTRAL;OUI;28-29;-1;1996;ISE
Art=310;Num=185;SAISON DES PERTURBATIONS TROPICALES SUD-EST DE L'OCÉAN INDIEN 1997-1998, UNE SAISON COURTE ET CALME;OUI;29-30;-1;1997;ISE
Art=310bis;Num=185;SAISON DES PERTURBATIONS TROPICALES PACIFIQUE SUD 1997-1998 UNE ACTIVITE IMPORTANTE;OUI;31-35;-1;1997;PSO
Art=311;Num=186;SAISON DES PERTURBATIONS TROPICALES PACIFIQUE NORD-EST 1997, DES OURAGANS EXCEPTIONNELS;OUI;28-32;-1;1997;PNE
Art=312;Num=186;SAISON DES PERTURBATIONS TROPICALES PACIFIQUE NORD-EST 1998, UNE SAISON PROCHE DE LA NORMALE;OUI;32-35;-1;1998;PNE
Art=313;Num=186;SAISON DES PERTURBATIONS TROPICALES SUD-OUEST DE L'OCÉAN INDIEN 1997-1998, UNE SAISON COURTE ET PEU ACTIVE;OUI;36-39;-1;1997;ISO
Art=314;Num=187;SAISON DES PERTURBATIONS TROPICALES OCÉAN INDIEN NORD 1998, UNE SAISON ACTIVE;OUI;36-37;-1;1998;IN
Art=315;Num=187;SAISON DES PERTURBATIONS TROPICALES PACIFIQUE NORD-OUEST 1998, UNE AMORCE TARDIVE;OUI;38-41;-1;1998;PNO
Art=316;Num=187;SAISON DES PERTURBATIONS TROPICALES PACIFIQUE SUD 1998-1999, SOUS L'INFLUENCE DE LA NINA;OUI;42-45;-1;1998;PS
Art=317;Num=188;SAISON DES PERTURBATIONS TROPICALES ATLANTIQUE NORD 1999, UNE FIN DE SAISON EXCEPTIONNELLE;OUI;27-31;-1;1999;ATL
Art=317bis;Num=189;SAISON DES PERTURBATIONS TROPICALES 1998-1999 SUD-OUEST DE L'OCEAN INDIEN, FORTE ACTIVITE DU BASSIN;OUI;30-34;-1;1998;ISO
Art=318;Num=189;SAISON DES PERTURBATIONS TROPICALES PACIFIQUE NORD-EST 1999, UNE SAISON TRES PEU ACTIVE;OUI;35-37;-1;1999;PNE
Art=319;Num=190;SAISON DES PERTURBATIONS TROPICALES OCÉAN INDIEN NORD. 1999, UNE ANNÉE CATASTROPHIQUE;OUI;24-26;-1;1999;IN
Art=320;Num=190;SAISON DES PERTURBATIONS TROPICALES PACIFIQUE NORD-OUEST. 1999, HONG-KONG SOUS LES TYPHONS;OUI;27-31;-1;1999;PNO
Art=320bis;Num=191;SAISON DES PERTURBATIONS TROPICALES 1998-1999 et 1999-2000 SUD-EST DE L'OCEAN INDIEN. DES SAISONS NORMALES A DOMINANTE LA NINA;OUI;35-39;-1;1998;ISE
Art=320bis;Num=191;SAISON DES PERTURBATIONS TROPICALES 1998-1999 et 1999-2000 SUD-EST DE L'OCEAN INDIEN. DES SAISONS NORMALES A DOMINANTE LA NINA;OUI;35-39;-1;1999;ISE
Art=321;Num=191;SAISON DES PERTURBATIONS TROPICALES PACIFIQUE SUD 1999-2000, une saison normale qui présente cependant quelques originalités;OUI;40-42;-1;1999;PS
Art=322;Num=192;SAISON DES PERTURBATIONS TROPICALES ATLANTIQUE NORD 2000;OUI;18-22;-1;2000;ATL
Art=323;Num=192;SAISON DES PERTURBATIONS TROPICALES PACIFIQUE NORD-EST 2000;OUI;22-23;-1;2000;PNE
Art=324;Num=193;SAISON DES PERTURBATIONS TROPICALES PACIFIQUE NORD-OUEST 2000;OUI;27-29;-1;2000;PNO
Art=325;Num=194;SAISON DES PERTURBATIONS TROPICALES OCÉAN INDIEN SUD 1999-2000 - NORD 2000;OUI;27-29;-1;1999;IS
Art=325;Num=194;SAISON DES PERTURBATIONS TROPICALES OCÉAN INDIEN SUD 1999-2000 - NORD 2000;OUI;27-29;-1;2000;IN
Art=326;Num=195;SAISON DES PERTURBATIONS TROPICALES PACIFIQUE SUD 2000-2001;OUI;34-37;-1;2000;PS
Art=327;Num=196;SAISON DES PERTURBATIONS TROPICALES ATLANTIQUE NORD 2001;OUI;22-24;-1;2001;ATL
Art=328;Num=196;SAISON DES PERTURBATIONS TROPICALES OCÉAN INDIEN SUD-EST 2000-2001;OUI;25-27;-1;2000;ISE
Art=329;Num=197;SAISON DES PERTURBATIONS TROPICALES PACIFIQUE NORD 2001;OUI;33-37;-1;2001;PN
Art=330;Num=197;SAISON DES PERTURBATIONS TROPICALES OCÉAN INDIEN SUD-OUEST 2000-2001 - NORD 2001;OUI;38-39;-1;2000;ISO
Art=330;Num=197;SAISON DES PERTURBATIONS TROPICALES OCÉAN INDIEN SUD-OUEST 2000-2001 - NORD 2001;OUI;38-39;-1;2001;IN
Art=331;Num=198;SAISON DES PERTURBATIONS TROPICALES PACIFIQUE SUD 2001-2002;OUI;30-31;0;2001;PS
Art=332;Num=199;SAISON DES PERTURBATIONS TROPICALES ATLANTIQUE NORD 2002;OUI;27-29;0;2002;ATL
Art=333;Num=199;SAISON DES PERTURBATIONS TROPICALES OCÉAN INDIEN SUD 2001-2002;OUI;30-33;0;2001;IS
Art=334;Num=200;SAISON DES PERTURBATIONS TROPICALES OCÉAN INDIEN NORD 2002;OUI;32-33;0;2002;IN
Art=337;Num=201;SAISON DES PERTURBATIONS TROPICALES OCÉAN PACIFIQUE NORD-EST ET CENTRAL 2002;OUI;34-37;0;2002;PNEC
Art=338;Num=201;SAISON DES PERTURBATIONS TROPICALES OCÉAN PACIFIQUE NORD-OUEST 2002;OUI;38-41;0;2002;PNO
Art=339;Num=202;SAISON DES PERTURBATIONS TROPICALES OCÉAN PACIFIQUE SUD 2002-2003;OUI;28-32;0;2002;PS
Art=340;Num=202;SAISON DES PERTURBATIONS TROPICALES OCÉAN INDIEN SUD 2002-2003;OUI;33-37;0;2002;IS
Art=341;Num=203;SAISON DES PERTURBATIONS TROPICALES 2003 ATLANTIQUE NORD;OUI;38-43;0;2003;ATL
Art=343;Num=203;SAISON DES PERTURBATIONS TROPICALES 2003 OCÉAN INDIEN NORD;OUI;44-46;0;2003;IN
Art=344;Num=204;SAISON DES PERTURBATIONS TROPICALES PACIFIQUE NORD-OUEST 2003;OUI;38-41;0;2003;PNO
Art=346;Num=204;SAISON DES PERTURBATIONS TROPICALES PACIFIQUE NORD-EST ET CENTRAL 2003;OUI;42-45;0;2003;PNEC
Art=347;Num=205;SAISON DES PERTURBATIONS TROPICALES PACIFIQUE SUD 2003-2004, UNE SAISON CALME;OUI;40-43;0;2003;PS
Art=348;Num=206;SAISON DES PERTURBATIONS TROPICALES OCÉAN INDIEN SUD 2003-2004. UNE SAISON CATASTROPHIQUE POUR MADAGASCAR;OUI;36-42;0;2003;IS
Art=350;Num=207;SAISON DES PERTURBATIONS TROPICALES OCÉAN INDIEN NORD 2004, MER D'ARABIE: 4, GOLFE DU BENGALE: 1;OUI;28-30;0;2004;IN
Art=351;Num=207;SAISON DES PERTURBATIONS TROPICALES OCÉAN ATLANTIQUE NORD 2004, UNE SAISON TRÈS ACTIVE;;31-37;0;2004;ATL
Art=352;Num=208;SAISON DES PERTURBATIONS TROPICALES PACIFIQUE NORD-OUEST 2004;OUI;32-37;0;2004;PNO
Art=354;Num=208;SAISON DES PERTURBATIONS TROPICALES PACIFIQUE NORD-EST ET CENTRAL 2004, TERRES ET HOMMES ÉPARGNÉS;OUI;38-40;0;2004;PNEC
Art=355;Num=209;SAISON DES PERTURBATIONS TROPICALES PACIFIQUE SUD 2004-2005, une saison violente à l'est du 180e méridien;OUI;33-37;0;2004;PS
Art=356;Num=210;SAISON DES PERTURBATIONS TROPICALES ATLANTIQUE NORD 2005, la saison de tous les records!;OUI;32-38;0;2005;ATL
Art=357;Num=210;SAISON DES PERTURBATIONS TROPICALES OCÉAN INDIEN SUD 2004-2005, une saison précoce;OUI;39-43;0;2004;IS
Art=358;Num=211;SAISON DES PERTURBATIONS TROPICALES OCÉAN INDIEN NORD 2005, la mer d'Arabie exempte de tempêtes cycloniques;OUI;35-37;0;2005;IN
Art=360;Num=212;SAISON CYCLONIQUE PACIFIQUE NORD-EST ET CENTRAL 2005, pour la sixième année consécutive, la saison a débuté dès le mois de mai;OUI;31-34;0;2005;PNEC
Art=361;Num=212;SAISON CYCLONIQUE PACIFIQUE NORD-OUEST 2005;OUI;35-39;0;2005;PNO
Art=362;Num=213;SAISON CYCLONIQUE PACIFIQUE SUD 2005-2006, saison agitée dans le Queensland;OUI;34-38;0;2005;PS
Art=363;Num=214;SAISON CYCLONIQUE OCÉAN INDIEN SUD 2005-2006, une saison peu active sur le sud-ouest de l'océan indien;OUI;32-37;0;2005;IS
Art=364;Num=215;SAISON CYCLONIQUE ATLANTIQUE NORD 2006, retour au calme ... relatif;OUI;36-41;0;2006;ATL
Art=366;Num=215;SAISON CYCLONIQUE OCÉAN INDIEN NORD 2006, cyclone tropical meurtrier en avril;OUI;42-44;0;2006;IN
Art=367;Num=216;SAISON CYCLONIQUE OCÉAN PACIFIQUE NORD-OUEST 2006, une saison cyclonique moyenne comme en 2005;OUI;31-34;0;2006;PNO
Art=368;Num=216;SAISON CYCLONIQUE OCÉAN PACIFIQUE NORD-EST ET CENTRAL 2006, une saison plus active que la moyenne;OUI;35-37;0;2006;PNEC
Art=369;Num=217;SAISON CYCLONIQUE OCÉAN PACIFIQUE SUD 2006-2007, la Nouvelle-Calédonie et la Polynésie française inquiétées;OUI;30-32;0;2006;PS
Art=370;Num=217;SAISON CYCLONIQUE OCÉAN INDIEN SUD 2006-2007, La Réunion dévastée par le cyclone tropical Gamède;OUI;33-37;0;2006;IS
